x-axis,1
second,Volt
+9.70000E-06,-400.13432E-06
+9.72500E-06,-437.69132E-06
+9.75000E-06,-415.02935E-06
+9.77500E-06,-418.85175E-06
+9.80000E-06,-420.50439E-06
+9.82500E-06,-413.40012E-06
+9.85000E-06,-425.06613E-06
+9.87500E-06,-448.28513E-06
+9.90000E-06,-433.95561E-06
+9.92500E-06,-427.71226E-06
+9.95000E-06,-444.49961E-06
+9.97500E-06,-425.82986E-06
+10.00000E-06,-432.61054E-06
+10.02500E-06,-418.52271E-06
+10.05000E-06,-420.29957E-06
+10.07500E-06,-438.58085E-06
+10.10000E-06,-437.99795E-06
+10.12500E-06,-396.11718E-06
+10.15000E-06,-450.48651E-06
+10.17500E-06,-451.51039E-06
+10.20000E-06,-418.70512E-06
+10.22500E-06,-448.69528E-06
+10.25000E-06,-426.47881E-06
+10.27500E-06,-411.76844E-06
+10.30000E-06,-418.38655E-06
+10.32500E-06,-436.47426E-06
+10.35000E-06,-426.60870E-06
+10.37500E-06,-445.05402E-06
+10.40000E-06,-444.40981E-06
+10.42500E-06,-435.88246E-06
+10.45000E-06,-430.28081E-06
+10.47500E-06,-413.76773E-06
+10.50000E-06,-423.16483E-06
+10.52500E-06,-416.96925E-06
+10.55000E-06,-431.28942E-06
+10.57500E-06,-404.64702E-06
+10.60000E-06,-451.99312E-06
+10.62500E-06,-421.12297E-06
+10.65000E-06,-444.06350E-06
+10.67500E-06,-437.31662E-06
+10.70000E-06,-442.31767E-06
+10.72500E-06,-416.82072E-06
+10.75000E-06,-432.58332E-06
+10.77500E-06,-427.48677E-06
+10.80000E-06,-452.09625E-06
+10.82500E-06,-408.06259E-06
+10.85000E-06,-418.70154E-06
+10.87500E-06,-426.52162E-06
+10.90000E-06,-407.67659E-06
+10.92500E-06,-427.35525E-06
+10.95000E-06,-438.51114E-06
+10.97500E-06,-422.88810E-06
+11.00000E-06,-419.13195E-06
+11.02500E-06,-434.53025E-06
+11.05000E-06,-438.46840E-06
+11.07500E-06,-436.70532E-06
+11.10000E-06,-468.40090E-06
+11.12500E-06,-423.67663E-06
+11.15000E-06,-455.14346E-06
+11.17500E-06,-429.46115E-06
+11.20000E-06,-388.16166E-06
+11.22500E-06,-450.31176E-06
+11.25000E-06,-422.55063E-06
+11.27500E-06,-454.83091E-06
+11.30000E-06,-470.70837E-06
+11.32500E-06,-435.75691E-06
+11.35000E-06,-449.54366E-06
+11.37500E-06,-444.63027E-06
+11.40000E-06,-437.66646E-06
+11.42500E-06,-443.52062E-06
+11.45000E-06,-399.33822E-06
+11.47500E-06,-429.56293E-06
+11.50000E-06,-437.40329E-06
+11.52500E-06,-432.76291E-06
+11.55000E-06,-421.38546E-06
+11.57500E-06,-418.35875E-06
+11.60000E-06,-439.45182E-06
+11.62500E-06,-454.77238E-06
+11.65000E-06,-444.85210E-06
+11.67500E-06,-436.96024E-06
+11.70000E-06,-436.30772E-06
+11.72500E-06,-437.69079E-06
+11.75000E-06,-463.00605E-06
+11.77500E-06,-447.59103E-06
+11.80000E-06,-425.55496E-06
+11.82500E-06,-432.77131E-06
+11.85000E-06,-415.50447E-06
+11.87500E-06,-431.42155E-06
+11.90000E-06,-429.00293E-06
+11.92500E-06,-445.66018E-06
+11.95000E-06,-428.18683E-06
+11.97500E-06,-448.98664E-06
+12.00000E-06,-435.39290E-06
+12.02500E-06,-450.51120E-06
+12.05000E-06,-457.64093E-06
+12.07500E-06,-460.77217E-06
+12.10000E-06,-445.15831E-06
+12.12500E-06,-437.03042E-06
+12.15000E-06,-436.96671E-06
+12.17500E-06,-428.41731E-06
+12.20000E-06,-444.00178E-06
+12.22500E-06,-460.04434E-06
+12.25000E-06,-443.89553E-06
+12.27500E-06,-444.78281E-06
+12.30000E-06,-461.01783E-06
+12.32500E-06,-421.73422E-06
+12.35000E-06,-427.93548E-06
+12.37500E-06,-459.28036E-06
+12.40000E-06,-458.84317E-06
+12.42500E-06,-456.52443E-06
+12.45000E-06,-460.84265E-06
+12.47500E-06,-457.58861E-06
+12.50000E-06,-472.08088E-06
+12.52500E-06,-434.38108E-06
+12.55000E-06,-419.06178E-06
+12.57500E-06,-465.77544E-06
+12.60000E-06,-439.49415E-06
+12.62500E-06,-445.35264E-06
+12.65000E-06,-436.58513E-06
+12.67500E-06,-452.89423E-06
+12.70000E-06,-455.54311E-06
+12.72500E-06,-431.69023E-06
+12.75000E-06,-439.77669E-06
+12.77500E-06,-450.35815E-06
+12.80000E-06,-429.16080E-06
+12.82500E-06,-443.34946E-06
+12.85000E-06,-457.17025E-06
+12.87500E-06,-465.06735E-06
+12.90000E-06,-419.98511E-06
+12.92500E-06,-448.05741E-06
+12.95000E-06,-446.81770E-06
+12.97500E-06,-460.52845E-06
+13.00000E-06,-434.99543E-06
+13.02500E-06,-411.26201E-06
+13.05000E-06,-438.92637E-06
+13.07500E-06,-448.97784E-06
+13.10000E-06,-431.63578E-06
+13.12500E-06,-440.24278E-06
+13.15000E-06,-415.47584E-06
+13.17500E-06,-454.93404E-06
+13.20000E-06,-440.97638E-06
+13.22500E-06,-448.90174E-06
+13.25000E-06,-444.88449E-06
+13.27500E-06,-448.74855E-06
+13.30000E-06,-443.66099E-06
+13.32500E-06,-424.58383E-06
+13.35000E-06,-435.82596E-06
+13.37500E-06,-449.21845E-06
+13.40000E-06,-448.46795E-06
+13.42500E-06,-441.52343E-06
+13.45000E-06,-471.32909E-06
+13.47500E-06,-439.80423E-06
+13.50000E-06,-453.82347E-06
+13.52500E-06,-454.71032E-06
+13.55000E-06,-452.77810E-06
+13.57500E-06,-457.23704E-06
+13.60000E-06,-427.03578E-06
+13.62500E-06,-462.08664E-06
+13.65000E-06,-447.39921E-06
+13.67500E-06,-441.90376E-06
+13.70000E-06,-442.55358E-06
+13.72500E-06,-461.48492E-06
+13.75000E-06,-433.47482E-06
+13.77500E-06,-464.16510E-06
+13.80000E-06,-439.40428E-06
+13.82500E-06,-463.90396E-06
+13.85000E-06,-471.31400E-06
+13.87500E-06,-455.14072E-06
+13.90000E-06,-442.52634E-06
+13.92500E-06,-411.99074E-06
+13.95000E-06,-457.71924E-06
+13.97500E-06,-441.28961E-06
+14.00000E-06,-463.84321E-06
+14.02500E-06,-459.10376E-06
+14.05000E-06,-446.76653E-06
+14.07500E-06,-445.04858E-06
+14.10000E-06,-432.08606E-06
+14.12500E-06,-442.69272E-06
+14.15000E-06,-438.62639E-06
+14.17500E-06,-425.76954E-06
+14.20000E-06,-458.64816E-06
+14.22500E-06,-458.57380E-06
+14.25000E-06,-457.80580E-06
+14.27500E-06,-426.02374E-06
+14.30000E-06,-443.66054E-06
+14.32500E-06,-452.67105E-06
+14.35000E-06,-436.89244E-06
+14.37500E-06,-434.10696E-06
+14.40000E-06,-429.80447E-06
+14.42500E-06,-454.12099E-06
+14.45000E-06,-414.57936E-06
+14.47500E-06,-436.96850E-06
+14.50000E-06,-450.46097E-06
+14.52500E-06,-411.57284E-06
+14.55000E-06,-446.57036E-06
+14.57500E-06,-457.28007E-06
+14.60000E-06,-458.39828E-06
+14.62500E-06,-448.25861E-06
+14.65000E-06,-468.44425E-06
+14.67500E-06,-396.59515E-06
+14.70000E-06,-448.50147E-06
+14.72500E-06,-446.44696E-06
+14.75000E-06,-442.79868E-06
+14.77500E-06,-438.65682E-06
+14.80000E-06,-432.83196E-06
+14.82500E-06,-417.15428E-06
+14.85000E-06,-418.01496E-06
+14.87500E-06,-431.68776E-06
+14.90000E-06,-424.88387E-06
+14.92500E-06,-432.14190E-06
+14.95000E-06,-449.62357E-06
+14.97500E-06,-463.07838E-06
+15.00000E-06,-417.02554E-06
+15.02500E-06,-395.63903E-06
+15.05000E-06,-427.11282E-06
+15.07500E-06,-431.12915E-06
+15.10000E-06,-437.50062E-06
+15.12500E-06,-419.20597E-06
+15.15000E-06,-426.90852E-06
+15.17500E-06,-428.49527E-06
+15.20000E-06,-414.10521E-06
+15.22500E-06,-439.60214E-06
+15.25000E-06,-419.40601E-06
+15.27500E-06,-447.53685E-06
+15.30000E-06,-429.16663E-06
+15.32500E-06,-451.57714E-06
+15.35000E-06,-427.38493E-06
+15.37500E-06,-426.05129E-06
+15.40000E-06,-447.96759E-06
+15.42500E-06,-422.73212E-06
+15.45000E-06,-420.58811E-06
+15.47500E-06,-394.21628E-06
+15.50000E-06,-411.81579E-06
+15.52500E-06,-423.98131E-06
+15.55000E-06,-429.19795E-06
+15.57500E-06,-437.87826E-06
+15.60000E-06,-407.47432E-06
+15.62500E-06,-434.29870E-06
+15.65000E-06,-437.36470E-06
+15.67500E-06,-430.84732E-06
+15.70000E-06,-427.26247E-06
+15.72500E-06,-414.66858E-06
+15.75000E-06,-422.47236E-06
+15.77500E-06,-426.19984E-06
+15.80000E-06,-399.48434E-06
+15.82500E-06,-438.53894E-06
+15.85000E-06,-418.53797E-06
+15.87500E-06,-442.31200E-06
+15.90000E-06,-460.30742E-06
+15.92500E-06,-420.59593E-06
+15.95000E-06,-405.01827E-06
+15.97500E-06,-423.48321E-06
+16.00000E-06,-432.57913E-06
+16.02500E-06,-422.70248E-06
+16.05000E-06,-418.01501E-06
+16.07500E-06,-421.05953E-06
+16.10000E-06,-389.94451E-06
+16.12500E-06,-404.10532E-06
+16.15000E-06,-425.48495E-06
+16.17500E-06,-409.03545E-06
+16.20000E-06,-430.70042E-06
+16.22500E-06,-421.61535E-06
+16.25000E-06,-401.77399E-06
+16.27500E-06,-388.17048E-06
+16.30000E-06,-441.21877E-06
+16.32500E-06,-416.76618E-06
+16.35000E-06,-419.49041E-06
+16.37500E-06,-419.26949E-06
+16.40000E-06,-442.67178E-06
+16.42500E-06,-418.84572E-06
+16.45000E-06,-430.76253E-06
+16.47500E-06,-430.98318E-06
+16.50000E-06,-427.79955E-06
+16.52500E-06,-449.14764E-06
+16.55000E-06,-437.96210E-06
+16.57500E-06,-427.88390E-06
+16.60000E-06,-426.70775E-06
+16.62500E-06,-443.83944E-06
+16.65000E-06,-415.44549E-06
+16.67500E-06,-424.52740E-06
+16.70000E-06,-406.49591E-06
+16.72500E-06,-411.99793E-06
+16.75000E-06,-419.38579E-06
+16.77500E-06,-438.85082E-06
+16.80000E-06,-452.49500E-06
+16.82500E-06,-432.31799E-06
+16.85000E-06,-432.42578E-06
+16.87500E-06,-432.72269E-06
+16.90000E-06,-432.97624E-06
+16.92500E-06,-418.35880E-06
+16.95000E-06,-417.68910E-06
+16.97500E-06,-414.19837E-06
+17.00000E-06,-411.06397E-06
+17.02500E-06,-397.89388E-06
+17.05000E-06,-433.91256E-06
+17.07500E-06,-432.35501E-06
+17.10000E-06,-440.09266E-06
+17.12500E-06,-447.85029E-06
+17.15000E-06,-461.72131E-06
+17.17500E-06,-440.21876E-06
+17.20000E-06,-422.98390E-06
+17.22500E-06,-423.06335E-06
+17.25000E-06,-439.56541E-06
+17.27500E-06,-440.70523E-06
+17.30000E-06,-428.25000E-06
+17.32500E-06,-424.95923E-06
+17.35000E-06,-449.82679E-06
+17.37500E-06,-446.73576E-06
+17.40000E-06,-441.72599E-06
+17.42500E-06,-415.48083E-06
+17.45000E-06,-441.80010E-06
+17.47500E-06,-411.04793E-06
+17.50000E-06,-414.59561E-06
+17.52500E-06,-422.70435E-06
+17.55000E-06,-415.92650E-06
+17.57500E-06,-432.71680E-06
+17.60000E-06,-429.34578E-06
+17.62500E-06,-422.37052E-06
+17.65000E-06,-415.98839E-06
+17.67500E-06,-432.38907E-06
+17.70000E-06,-399.78853E-06
+17.72500E-06,-424.10110E-06
+17.75000E-06,-412.99800E-06
+17.77500E-06,-424.74583E-06
+17.80000E-06,-387.78105E-06
+17.82500E-06,-445.97989E-06
+17.85000E-06,-385.53146E-06
+17.87500E-06,-406.15243E-06
+17.90000E-06,-436.01542E-06
+17.92500E-06,-451.64266E-06
+17.95000E-06,-443.81497E-06
+17.97500E-06,-446.55206E-06
+18.00000E-06,-428.12093E-06
+18.02500E-06,-417.12398E-06
+18.05000E-06,-431.51696E-06
+18.07500E-06,-414.35488E-06
+18.10000E-06,-383.22277E-06
+18.12500E-06,-425.41066E-06
+18.15000E-06,-411.17328E-06
+18.17500E-06,-426.27196E-06
+18.20000E-06,-416.92654E-06
+18.22500E-06,-414.68423E-06
+18.25000E-06,-462.64504E-06
+18.27500E-06,-432.57432E-06
+18.30000E-06,-424.31879E-06
+18.32500E-06,-421.40679E-06
+18.35000E-06,-444.85196E-06
+18.37500E-06,-414.25985E-06
+18.40000E-06,-435.17374E-06
+18.42500E-06,-422.70705E-06
+18.45000E-06,-452.72741E-06
+18.47500E-06,-433.11412E-06
+18.50000E-06,-426.02073E-06
+18.52500E-06,-444.89823E-06
+18.55000E-06,-414.70036E-06
+18.57500E-06,-435.64777E-06
+18.60000E-06,-414.32118E-06
+18.62500E-06,-420.04794E-06
+18.65000E-06,-422.01991E-06
+18.67500E-06,-456.07690E-06
+18.70000E-06,-433.02165E-06
+18.72500E-06,-438.71739E-06
+18.75000E-06,-441.09190E-06
+18.77500E-06,-404.33243E-06
+18.80000E-06,-452.54500E-06
+18.82500E-06,-445.24414E-06
+18.85000E-06,-433.54368E-06
+18.87500E-06,-420.26917E-06
+18.90000E-06,-429.27034E-06
+18.92500E-06,-438.78981E-06
+18.95000E-06,-428.22274E-06
+18.97500E-06,-431.94578E-06
+19.00000E-06,-432.65998E-06
+19.02500E-06,-426.70392E-06
+19.05000E-06,-444.54269E-06
+19.07500E-06,-396.78454E-06
+19.10000E-06,-421.91511E-06
+19.12500E-06,-433.01906E-06
+19.15000E-06,-427.88266E-06
+19.17500E-06,-432.15849E-06
+19.20000E-06,-405.79241E-06
+19.22500E-06,-463.34509E-06
+19.25000E-06,-432.74598E-06
+19.27500E-06,-437.28028E-06
+19.30000E-06,-440.42475E-06
+19.32500E-06,-442.50650E-06
+19.35000E-06,-430.95042E-06
+19.37500E-06,-415.53677E-06
+19.40000E-06,-441.32708E-06
+19.42500E-06,-441.76418E-06
+19.45000E-06,-405.53069E-06
+19.47500E-06,-403.32787E-06
+19.50000E-06,-439.37407E-06
+19.52500E-06,-445.92883E-06
+19.55000E-06,-425.40269E-06
+19.57500E-06,-428.54788E-06
+19.60000E-06,-441.04764E-06
+19.62500E-06,-462.04294E-06
+19.65000E-06,-431.06246E-06
+19.67500E-06,-423.87648E-06
+19.70000E-06,-437.84324E-06
+19.72500E-06,-403.30960E-06
+19.75000E-06,-439.66948E-06
+19.77500E-06,-429.57067E-06
+19.80000E-06,-451.90684E-06
+19.82500E-06,-437.87342E-06
+19.85000E-06,-420.92822E-06
+19.87500E-06,-425.59722E-06
+19.90000E-06,-457.84184E-06
+19.92500E-06,-400.75265E-06
+19.95000E-06,-441.39000E-06
+19.97500E-06,-430.62612E-06
+20.00000E-06,-412.08907E-06
+20.02500E-06,-431.12480E-06
+20.05000E-06,-438.70430E-06
+20.07500E-06,-438.91153E-06
+20.10000E-06,-440.74809E-06
+20.12500E-06,-436.91949E-06
+20.15000E-06,-428.81591E-06
+20.17500E-06,-431.70742E-06
+20.20000E-06,-423.42834E-06
+20.22500E-06,-436.79455E-06
+20.25000E-06,-410.58218E-06
+20.27500E-06,-420.13906E-06
+20.30000E-06,-430.71290E-06
+20.32500E-06,-412.84620E-06
+20.35000E-06,-425.53124E-06
+20.37500E-06,-415.40892E-06
+20.40000E-06,-444.61851E-06
+20.42500E-06,-406.49842E-06
+20.45000E-06,-437.45945E-06
+20.47500E-06,-410.02950E-06
+20.50000E-06,-431.76251E-06
+20.52500E-06,-426.80467E-06
+20.55000E-06,-425.17946E-06
+20.57500E-06,-437.38450E-06
+20.60000E-06,-445.88995E-06
+20.62500E-06,-453.38961E-06
+20.65000E-06,-427.13204E-06
+20.67500E-06,-453.92196E-06
+20.70000E-06,-411.89519E-06
+20.72500E-06,-423.90281E-06
+20.75000E-06,-414.62616E-06
+20.77500E-06,-430.99662E-06
+20.80000E-06,-436.20587E-06
+20.82500E-06,-417.53263E-06
+20.85000E-06,-427.16800E-06
+20.87500E-06,-428.43094E-06
+20.90000E-06,-448.41897E-06
+20.92500E-06,-417.22543E-06
+20.95000E-06,-426.29186E-06
+20.97500E-06,-434.30509E-06
+21.00000E-06,-434.34711E-06
+21.02500E-06,-454.51102E-06
+21.05000E-06,-429.12400E-06
+21.07500E-06,-435.88301E-06
+21.10000E-06,-449.56912E-06
+21.12500E-06,-418.48018E-06
+21.15000E-06,-427.38406E-06
+21.17500E-06,-436.38831E-06
+21.20000E-06,-443.79191E-06
+21.22500E-06,-402.35193E-06
+21.25000E-06,-450.96616E-06
+21.27500E-06,-427.61430E-06
+21.30000E-06,-447.36255E-06
+21.32500E-06,-440.45686E-06
+21.35000E-06,-439.25171E-06
+21.37500E-06,-464.52107E-06
+21.40000E-06,-451.55840E-06
+21.42500E-06,-426.11586E-06
+21.45000E-06,-454.57199E-06
+21.47500E-06,-458.48990E-06
+21.50000E-06,-442.91265E-06
+21.52500E-06,-459.91634E-06
+21.55000E-06,-442.96507E-06
+21.57500E-06,-428.21313E-06
+21.60000E-06,-445.77877E-06
+21.62500E-06,-429.94189E-06
+21.65000E-06,-445.15282E-06
+21.67500E-06,-445.92282E-06
+21.70000E-06,-427.59673E-06
+21.72500E-06,-461.10011E-06
+21.75000E-06,-442.82592E-06
+21.77500E-06,-432.50562E-06
+21.80000E-06,-438.69677E-06
+21.82500E-06,-437.68126E-06
+21.85000E-06,-429.04281E-06
+21.87500E-06,-457.24507E-06
+21.90000E-06,-434.38862E-06
+21.92500E-06,-458.42476E-06
+21.95000E-06,-466.46981E-06
+21.97500E-06,-437.77351E-06
+22.00000E-06,-449.08426E-06
+22.02500E-06,-435.20268E-06
+22.05000E-06,-422.14290E-06
+22.07500E-06,-429.78929E-06
+22.10000E-06,-414.66759E-06
+22.12500E-06,-441.36011E-06
+22.15000E-06,-462.05329E-06
+22.17500E-06,-445.05068E-06
+22.20000E-06,-437.11373E-06
+22.22500E-06,-439.47359E-06
+22.25000E-06,-423.56820E-06
+22.27500E-06,-433.10478E-06
+22.30000E-06,-439.34389E-06
+22.32500E-06,-463.40220E-06
+22.35000E-06,-455.81364E-06
+22.37500E-06,-484.13013E-06
+22.40000E-06,-434.17555E-06
+22.42500E-06,-427.66100E-06
+22.45000E-06,-436.83421E-06
+22.47500E-06,-455.79691E-06
+22.50000E-06,-430.26172E-06
+22.52500E-06,-470.32048E-06
+22.55000E-06,-444.70263E-06
+22.57500E-06,-425.73818E-06
+22.60000E-06,-447.31544E-06
+22.62500E-06,-425.47586E-06
+22.65000E-06,-426.44015E-06
+22.67500E-06,-465.96135E-06
+22.70000E-06,-457.31838E-06
+22.72500E-06,-459.04343E-06
+22.75000E-06,-459.87252E-06
+22.77500E-06,-456.64612E-06
+22.80000E-06,-449.54893E-06
+22.82500E-06,-420.93342E-06
+22.85000E-06,-437.42682E-06
+22.87500E-06,-456.39181E-06
+22.90000E-06,-438.00709E-06
+22.92500E-06,-448.34904E-06
+22.95000E-06,-480.54501E-06
+22.97500E-06,-454.66244E-06
+23.00000E-06,-450.59296E-06
+23.02500E-06,-479.80960E-06
+23.05000E-06,-443.79893E-06
+23.07500E-06,-451.17401E-06
+23.10000E-06,-443.56196E-06
+23.12500E-06,-460.41643E-06
+23.15000E-06,-459.50908E-06
+23.17500E-06,-450.93739E-06
+23.20000E-06,-460.22072E-06
+23.22500E-06,-463.41293E-06
+23.25000E-06,-444.32051E-06
+23.27500E-06,-450.16377E-06
+23.30000E-06,-449.01730E-06
+23.32500E-06,-465.71750E-06
+23.35000E-06,-449.62887E-06
+23.37500E-06,-431.92823E-06
+23.40000E-06,-439.92939E-06
+23.42500E-06,-475.44213E-06
+23.45000E-06,-476.85841E-06
+23.47500E-06,-439.80424E-06
+23.50000E-06,-449.17424E-06
+23.52500E-06,-469.38938E-06
+23.55000E-06,-474.21907E-06
+23.57500E-06,-495.41324E-06
+23.60000E-06,-435.65916E-06
+23.62500E-06,-454.96379E-06
+23.65000E-06,-490.47811E-06
+23.67500E-06,-454.00704E-06
+23.70000E-06,-459.32612E-06
+23.72500E-06,-486.40924E-06
+23.75000E-06,-467.64378E-06
+23.77500E-06,-438.35202E-06
+23.80000E-06,-472.97774E-06
+23.82500E-06,-464.40952E-06
+23.85000E-06,-453.06050E-06
+23.87500E-06,-456.21332E-06
+23.90000E-06,-508.01884E-06
+23.92500E-06,-481.35438E-06
+23.95000E-06,-459.12505E-06
+23.97500E-06,-491.22458E-06
+24.00000E-06,-468.04739E-06
+24.02500E-06,-490.31834E-06
+24.05000E-06,-467.35234E-06
+24.07500E-06,-481.83138E-06
+24.10000E-06,-496.53312E-06
+24.12500E-06,-467.88426E-06
+24.15000E-06,-449.89391E-06
+24.17500E-06,-459.38790E-06
+24.20000E-06,-450.65766E-06
+24.22500E-06,-457.67134E-06
+24.25000E-06,-469.65799E-06
+24.27500E-06,-463.80894E-06
+24.30000E-06,-450.70179E-06
+24.32500E-06,-493.77870E-06
+24.35000E-06,-441.63154E-06
+24.37500E-06,-474.52822E-06
+24.40000E-06,-467.53398E-06
+24.42500E-06,-449.23214E-06
+24.45000E-06,-470.59259E-06
+24.47500E-06,-503.40941E-06
+24.50000E-06,-467.13832E-06
+24.52500E-06,-503.33783E-06
+24.55000E-06,-475.36646E-06
+24.57500E-06,-456.69812E-06
+24.60000E-06,-450.81650E-06
+24.62500E-06,-481.04658E-06
+24.65000E-06,-459.46424E-06
+24.67500E-06,-449.14040E-06
+24.70000E-06,-462.72904E-06
+24.72500E-06,-454.33806E-06
+24.75000E-06,-452.50267E-06
+24.77500E-06,-479.28764E-06
+24.80000E-06,-471.41512E-06
+24.82500E-06,-458.60933E-06
+24.85000E-06,-499.94841E-06
+24.87500E-06,-457.25803E-06
+24.90000E-06,-444.17636E-06
+24.92500E-06,-483.97296E-06
+24.95000E-06,-470.94660E-06
+24.97500E-06,-420.90369E-06
+25.00000E-06,-457.66329E-06
+25.02500E-06,-452.72694E-06
+25.05000E-06,-470.03016E-06
+25.07500E-06,-473.64858E-06
+25.10000E-06,-448.85622E-06
+25.12500E-06,-451.05340E-06
+25.15000E-06,-460.75976E-06
+25.17500E-06,-460.00963E-06
+25.20000E-06,-474.16813E-06
+25.22500E-06,-471.86645E-06
+25.25000E-06,-455.19361E-06
+25.27500E-06,-475.18516E-06
+25.30000E-06,-465.38272E-06
+25.32500E-06,-465.48410E-06
+25.35000E-06,-459.93029E-06
+25.37500E-06,-455.95579E-06
+25.40000E-06,-469.44846E-06
+25.42500E-06,-493.41295E-06
+25.45000E-06,-454.70847E-06
+25.47500E-06,-476.28310E-06
+25.50000E-06,-476.28384E-06
+25.52500E-06,-464.02942E-06
+25.55000E-06,-457.26678E-06
+25.57500E-06,-461.67982E-06
+25.60000E-06,-510.31202E-06
+25.62500E-06,-459.55495E-06
+25.65000E-06,-473.81256E-06
+25.67500E-06,-472.62982E-06
+25.70000E-06,-474.80557E-06
+25.72500E-06,-485.68411E-06
+25.75000E-06,-483.77281E-06
+25.77500E-06,-459.07283E-06
+25.80000E-06,-486.02004E-06
+25.82500E-06,-459.62819E-06
+25.85000E-06,-484.53614E-06
+25.87500E-06,-445.25615E-06
+25.90000E-06,-494.45790E-06
+25.92500E-06,-489.50958E-06
+25.95000E-06,-444.72177E-06
+25.97500E-06,-473.53951E-06
+26.00000E-06,-461.30356E-06
+26.02500E-06,-476.67452E-06
+26.05000E-06,-440.52494E-06
+26.07500E-06,-497.24369E-06
+26.10000E-06,-486.47969E-06
+26.12500E-06,-464.90201E-06
+26.15000E-06,-478.39720E-06
+26.17500E-06,-468.00948E-06
+26.20000E-06,-448.14142E-06
+26.22500E-06,-446.44439E-06
+26.25000E-06,-459.56873E-06
+26.27500E-06,-473.55333E-06
+26.30000E-06,-465.96380E-06
+26.32500E-06,-459.34163E-06
+26.35000E-06,-459.10711E-06
+26.37500E-06,-492.75942E-06
+26.40000E-06,-481.68775E-06
+26.42500E-06,-460.15385E-06
+26.45000E-06,-463.62475E-06
+26.47500E-06,-444.50249E-06
+26.50000E-06,-460.67295E-06
+26.52500E-06,-463.04703E-06
+26.55000E-06,-458.48321E-06
+26.57500E-06,-481.91302E-06
+26.60000E-06,-468.67521E-06
+26.62500E-06,-440.38615E-06
+26.65000E-06,-440.97970E-06
+26.67500E-06,-471.67835E-06
+26.70000E-06,-456.02253E-06
+26.72500E-06,-450.28969E-06
+26.75000E-06,-469.97386E-06
+26.77500E-06,-477.05726E-06
+26.80000E-06,-460.68154E-06
+26.82500E-06,-464.75373E-06
+26.85000E-06,-439.97785E-06
+26.87500E-06,-477.33215E-06
+26.90000E-06,-453.63085E-06
+26.92500E-06,-451.81121E-06
+26.95000E-06,-449.32000E-06
+26.97500E-06,-461.79680E-06
+27.00000E-06,-465.69849E-06
+27.02500E-06,-460.91394E-06
+27.05000E-06,-474.22306E-06
+27.07500E-06,-427.69975E-06
+27.10000E-06,-463.08226E-06
+27.12500E-06,-452.97471E-06
+27.15000E-06,-478.98601E-06
+27.17500E-06,-474.74990E-06
+27.20000E-06,-484.30143E-06
+27.22500E-06,-479.91715E-06
+27.25000E-06,-473.23966E-06
+27.27500E-06,-442.32186E-06
+27.30000E-06,-464.72239E-06
+27.32500E-06,-453.02452E-06
+27.35000E-06,-481.58977E-06
+27.37500E-06,-467.58980E-06
+27.40000E-06,-453.09450E-06
+27.42500E-06,-439.08453E-06
+27.45000E-06,-437.95425E-06
+27.47500E-06,-440.58999E-06
+27.50000E-06,-463.02280E-06
+27.52500E-06,-445.97530E-06
+27.55000E-06,-462.06781E-06
+27.57500E-06,-463.26396E-06
+27.60000E-06,-464.43638E-06
+27.62500E-06,-457.75999E-06
+27.65000E-06,-449.37376E-06
+27.67500E-06,-473.30981E-06
+27.70000E-06,-439.87021E-06
+27.72500E-06,-443.83189E-06
+27.75000E-06,-445.73888E-06
+27.77500E-06,-446.12594E-06
+27.80000E-06,-460.79944E-06
+27.82500E-06,-444.40624E-06
+27.85000E-06,-461.06923E-06
+27.87500E-06,-468.05261E-06
+27.90000E-06,-441.59344E-06
+27.92500E-06,-442.99641E-06
+27.95000E-06,-500.44767E-06
+27.97500E-06,-480.42150E-06
+28.00000E-06,-460.04634E-06
+28.02500E-06,-468.94234E-06
+28.05000E-06,-457.35866E-06
+28.07500E-06,-436.99331E-06
+28.10000E-06,-473.95955E-06
+28.12500E-06,-466.53482E-06
+28.15000E-06,-437.33532E-06
+28.17500E-06,-437.45114E-06
+28.20000E-06,-463.48390E-06
+28.22500E-06,-457.18789E-06
+28.25000E-06,-462.75045E-06
+28.27500E-06,-445.37073E-06
+28.30000E-06,-442.22256E-06
+28.32500E-06,-448.65997E-06
+28.35000E-06,-467.25662E-06
+28.37500E-06,-461.70674E-06
+28.40000E-06,-465.71295E-06
+28.42500E-06,-461.35100E-06
+28.45000E-06,-450.51542E-06
+28.47500E-06,-470.21256E-06
+28.50000E-06,-459.68401E-06
+28.52500E-06,-462.73487E-06
+28.55000E-06,-474.73850E-06
+28.57500E-06,-439.62959E-06
+28.60000E-06,-465.21439E-06
+28.62500E-06,-451.91829E-06
+28.65000E-06,-487.35236E-06
+28.67500E-06,-427.94593E-06
+28.70000E-06,-476.44503E-06
+28.72500E-06,-450.20663E-06
+28.75000E-06,-444.70484E-06
+28.77500E-06,-467.57073E-06
+28.80000E-06,-445.02874E-06
+28.82500E-06,-470.21181E-06
+28.85000E-06,-450.20732E-06
+28.87500E-06,-451.55234E-06
+28.90000E-06,-454.42474E-06
+28.92500E-06,-426.23465E-06
+28.95000E-06,-434.11143E-06
+28.97500E-06,-455.74801E-06
+29.00000E-06,-434.97826E-06
+29.02500E-06,-430.51398E-06
+29.05000E-06,-467.47476E-06
+29.07500E-06,-477.08904E-06
+29.10000E-06,-475.12404E-06
+29.12500E-06,-435.31690E-06
+29.15000E-06,-461.77246E-06
+29.17500E-06,-471.27714E-06
+29.20000E-06,-447.95290E-06
+29.22500E-06,-459.57276E-06
+29.25000E-06,-449.01732E-06
+29.27500E-06,-467.16876E-06
+29.30000E-06,-434.48615E-06
+29.32500E-06,-450.35366E-06
+29.35000E-06,-482.71065E-06
+29.37500E-06,-468.39488E-06
+29.40000E-06,-452.91941E-06
+29.42500E-06,-465.99646E-06
+29.45000E-06,-467.13926E-06
+29.47500E-06,-446.52215E-06
+29.50000E-06,-453.87845E-06
+29.52500E-06,-439.56480E-06
+29.55000E-06,-436.60862E-06
+29.57500E-06,-476.82392E-06
+29.60000E-06,-439.92491E-06
+29.62500E-06,-462.45618E-06
+29.65000E-06,-480.07154E-06
+29.67500E-06,-479.15077E-06
+29.70000E-06,-439.57995E-06
+29.72500E-06,-440.34998E-06
+29.75000E-06,-461.10339E-06
+29.77500E-06,-421.95798E-06
+29.80000E-06,-439.68784E-06
+29.82500E-06,-445.45582E-06
+29.85000E-06,-409.04986E-06
+29.87500E-06,-440.01098E-06
+29.90000E-06,-446.47784E-06
+29.92500E-06,-468.23344E-06
+29.95000E-06,-435.13138E-06
+29.97500E-06,-465.38215E-06
+30.00000E-06,-463.95293E-06
+30.02500E-06,-433.20979E-06
+30.05000E-06,-459.75480E-06
+30.07500E-06,-468.31159E-06
+30.10000E-06,-431.22780E-06
+30.12500E-06,-445.40677E-06
+30.15000E-06,-494.40862E-06
+30.17500E-06,-433.49885E-06
+30.20000E-06,-433.75150E-06
+30.22500E-06,-443.56449E-06
+30.25000E-06,-446.82221E-06
+30.27500E-06,-452.77853E-06
+30.30000E-06,+42.02853E-06
+30.32500E-06,+546.93335E-06
+30.35000E-06,+651.41833E-06
+30.37500E-06,+455.66828E-06
+30.40000E-06,+192.92949E-06
+30.42500E-06,+39.71417E-06
+30.45000E-06,-237.01275E-06
+30.47500E-06,-1.68873331E-03
+30.50000E-06,-2.35314973E-03
+30.52500E-06,-2.39088438E-03
+30.55000E-06,-2.06098527E-03
+30.57500E-06,-1.66587754E-03
+30.60000E-06,-1.33129118E-03
+30.62500E-06,-745.91280E-06
+30.65000E-06,+619.49576E-06
+30.67500E-06,+1.22320325E-03
+30.70000E-06,+1.24141604E-03
+30.72500E-06,+938.11189E-06
+30.75000E-06,+588.76650E-06
+30.77500E-06,+285.15129E-06
+30.80000E-06,-306.80970E-06
+30.82500E-06,-1.49281205E-03
+30.85000E-06,-2.02694214E-03
+30.87500E-06,-1.91026292E-03
+30.90000E-06,-1.63200166E-03
+30.92500E-06,-1.33878868E-03
+30.95000E-06,-1.00614088E-03
+30.97500E-06,-355.86923E-06
+31.00000E-06,+467.53010E-06
+31.02500E-06,+731.79519E-06
+31.05000E-06,+666.55773E-06
+31.07500E-06,+479.64731E-06
+31.10000E-06,+191.56306E-06
+31.12500E-06,-45.79906E-06
+31.15000E-06,-630.58314E-06
+31.17500E-06,-1.21457142E-03
+31.20000E-06,-1.34994643E-03
+31.22500E-06,-1.24916377E-03
+31.25000E-06,-1.08758249E-03
+31.27500E-06,-910.63109E-06
+31.30000E-06,-680.07163E-06
+31.32500E-06,-279.15749E-06
+31.35000E-06,+89.62747E-06
+31.37500E-06,+136.37366E-06
+31.40000E-06,+135.29530E-06
+31.42500E-06,-22.21623E-06
+31.45000E-06,-93.03502E-06
+31.47500E-06,-244.99108E-06
+31.50000E-06,-562.94884E-06
+31.52500E-06,-769.75874E-06
+31.55000E-06,-815.73068E-06
+31.57500E-06,-757.67618E-06
+31.60000E-06,-728.80221E-06
+31.62500E-06,-664.09528E-06
+31.65000E-06,-585.75388E-06
+31.67500E-06,-378.74954E-06
+31.70000E-06,-255.08243E-06
+31.72500E-06,-271.20068E-06
+31.75000E-06,-230.56414E-06
+31.77500E-06,-222.66238E-06
+31.80000E-06,-215.69067E-06
+31.82500E-06,-202.04310E-06
+31.85000E-06,-410.37680E-06
+31.87500E-06,-492.07245E-06
+31.90000E-06,-541.81312E-06
+31.92500E-06,-540.46424E-06
+31.95000E-06,-553.93398E-06
+31.97500E-06,-611.00460E-06
+32.00000E-06,-615.82263E-06
+32.02500E-06,-526.08179E-06
+32.05000E-06,-449.79305E-06
+32.07500E-06,-394.44835E-06
+32.10000E-06,-383.65737E-06
+32.12500E-06,-321.62840E-06
+32.15000E-06,-320.37261E-06
+32.17500E-06,-299.19019E-06
+32.20000E-06,-423.26637E-06
+32.22500E-06,-408.62598E-06
+32.25000E-06,-448.07286E-06
+32.27500E-06,-487.69890E-06
+32.30000E-06,-527.36646E-06
+32.32500E-06,-513.33850E-06
+32.35000E-06,-547.03561E-06
+32.37500E-06,-453.92787E-06
+32.40000E-06,-446.60131E-06
+32.42500E-06,-422.05650E-06
+32.45000E-06,-394.44956E-06
+32.47500E-06,-363.53824E-06
+32.50000E-06,-326.81387E-06
+32.52500E-06,-357.12320E-06
+32.55000E-06,-416.22750E-06
+32.57500E-06,-437.90496E-06
+32.60000E-06,-466.73870E-06
+32.62500E-06,-481.29287E-06
+32.65000E-06,-489.28847E-06
+32.67500E-06,-500.07392E-06
+32.70000E-06,-464.14059E-06
+32.72500E-06,-454.36740E-06
+32.75000E-06,-455.61364E-06
+32.77500E-06,-396.97245E-06
+32.80000E-06,-416.34991E-06
+32.82500E-06,-436.28210E-06
+32.85000E-06,-381.92424E-06
+32.87500E-06,-423.65238E-06
+32.90000E-06,-441.89553E-06
+32.92500E-06,-463.82486E-06
+32.95000E-06,-483.74710E-06
+32.97500E-06,-490.54349E-06
+33.00000E-06,-476.20857E-06
+33.02500E-06,-468.24274E-06
+33.05000E-06,-453.62366E-06
+33.07500E-06,-440.08727E-06
+33.10000E-06,-423.39191E-06
+33.12500E-06,-411.05138E-06
+33.15000E-06,-402.27171E-06
+33.17500E-06,-407.00387E-06
+33.20000E-06,-420.40960E-06
+33.22500E-06,-391.22231E-06
+33.25000E-06,-412.50156E-06
+33.27500E-06,-399.22814E-06
+33.30000E-06,-424.44559E-06
+33.32500E-06,-424.39922E-06
+33.35000E-06,-385.84209E-06
+33.37500E-06,-403.27187E-06
+33.40000E-06,-382.27155E-06
+33.42500E-06,-401.06273E-06
+33.45000E-06,-399.81520E-06
+33.47500E-06,-383.99039E-06
+33.50000E-06,-404.67180E-06
+33.52500E-06,-428.16763E-06
+33.55000E-06,-428.75351E-06
+33.57500E-06,-506.67711E-06
+33.60000E-06,-450.96703E-06
+33.62500E-06,-463.86056E-06
+33.65000E-06,-465.08690E-06
+33.67500E-06,-465.36696E-06
+33.70000E-06,-436.90253E-06
+33.72500E-06,-423.07591E-06
+33.75000E-06,-409.55312E-06
+33.77500E-06,-398.14563E-06
+33.80000E-06,-392.30933E-06
+33.82500E-06,-406.13440E-06
+33.85000E-06,-422.54965E-06
+33.87500E-06,-428.95459E-06
+33.90000E-06,-447.50087E-06
+33.92500E-06,-496.73061E-06
+33.95000E-06,-440.02070E-06
+33.97500E-06,-477.94717E-06
+34.00000E-06,-428.43386E-06
+34.02500E-06,-457.86061E-06
+34.05000E-06,-464.03406E-06
+34.07500E-06,-435.64562E-06
+34.10000E-06,-457.39945E-06
+34.12500E-06,-439.14942E-06
+34.15000E-06,-458.36703E-06
+34.17500E-06,-468.66789E-06
+34.20000E-06,-449.26412E-06
+34.22500E-06,-476.65460E-06
+34.25000E-06,-505.22601E-06
+34.27500E-06,-507.43527E-06
+34.30000E-06,-512.66095E-06
+34.32500E-06,-506.44699E-06
+34.35000E-06,-519.42176E-06
+34.37500E-06,-494.50357E-06
+34.40000E-06,-476.90016E-06
+34.42500E-06,-461.32427E-06
+34.45000E-06,-429.52369E-06
+34.47500E-06,-397.29250E-06
+34.50000E-06,-371.03772E-06
+34.52500E-06,-403.08819E-06
+34.55000E-06,-419.94162E-06
+34.57500E-06,-416.04006E-06
+34.60000E-06,-455.19134E-06
+34.62500E-06,-482.98685E-06
+34.65000E-06,-514.65332E-06
+34.67500E-06,-506.42451E-06
+34.70000E-06,-523.81831E-06
+34.72500E-06,-466.86145E-06
+34.75000E-06,-465.31355E-06
+34.77500E-06,-425.39855E-06
+34.80000E-06,-382.24482E-06
+34.82500E-06,-362.48000E-06
+34.85000E-06,-375.56318E-06
+34.87500E-06,-340.91650E-06
+34.90000E-06,-355.89560E-06
+34.92500E-06,-393.38357E-06
+34.95000E-06,-466.01876E-06
+34.97500E-06,-494.55942E-06
+35.00000E-06,-506.64549E-06
+35.02500E-06,-540.75298E-06
+35.05000E-06,-529.24296E-06
+35.07500E-06,-492.55011E-06
+35.10000E-06,-481.77658E-06
+35.12500E-06,-479.82835E-06
+35.15000E-06,-447.30920E-06
+35.17500E-06,-392.41280E-06
+35.20000E-06,-379.53069E-06
+35.22500E-06,-377.13118E-06
+35.25000E-06,-382.00891E-06
+35.27500E-06,-404.43745E-06
+35.30000E-06,-412.13703E-06
+35.32500E-06,-444.12633E-06
+35.35000E-06,-484.22259E-06
+35.37500E-06,-484.08835E-06
+35.40000E-06,-494.83622E-06
+35.42500E-06,-485.29622E-06
+35.45000E-06,-486.92435E-06
+35.47500E-06,-452.36144E-06
+35.50000E-06,-399.35099E-06
+35.52500E-06,-401.37199E-06
+35.55000E-06,-400.73390E-06
+35.57500E-06,-381.12628E-06
+35.60000E-06,-405.85825E-06
+35.62500E-06,-439.88237E-06
+35.65000E-06,-456.67215E-06
+35.67500E-06,-461.84571E-06
+35.70000E-06,-494.61114E-06
+35.72500E-06,-533.98315E-06
+35.75000E-06,-515.11427E-06
+35.77500E-06,-509.15207E-06
+35.80000E-06,-474.38832E-06
+35.82500E-06,-469.09245E-06
+35.85000E-06,-427.63012E-06
+35.87500E-06,-422.44088E-06
+35.90000E-06,-443.33704E-06
+35.92500E-06,-409.61475E-06
+35.95000E-06,-433.57710E-06
+35.97500E-06,-468.79304E-06
+36.00000E-06,-486.29125E-06
+36.02500E-06,-510.49024E-06
+36.05000E-06,-535.36596E-06
+36.07500E-06,-553.92822E-06
+36.10000E-06,-553.87639E-06
+36.12500E-06,-527.21499E-06
+36.15000E-06,-482.80985E-06
+36.17500E-06,-464.01829E-06
+36.20000E-06,-464.84173E-06
+36.22500E-06,-460.57546E-06
+36.25000E-06,-453.27497E-06
+36.27500E-06,-407.22228E-06
+36.30000E-06,-469.72427E-06
+36.32500E-06,-457.40109E-06
+36.35000E-06,-455.30275E-06
+36.37500E-06,-477.56346E-06
+36.40000E-06,-468.24961E-06
+36.42500E-06,-508.55285E-06
+36.45000E-06,-480.85939E-06
+36.47500E-06,-438.14253E-06
+36.50000E-06,-451.80663E-06
+36.52500E-06,-434.28647E-06
+36.55000E-06,-412.07585E-06
+36.57500E-06,-400.37153E-06
+36.60000E-06,-397.18862E-06
+36.62500E-06,-410.74311E-06
+36.65000E-06,-420.26783E-06
+36.67500E-06,-427.69443E-06
+36.70000E-06,-462.32562E-06
+36.72500E-06,-433.00681E-06
+36.75000E-06,-445.45449E-06
+36.77500E-06,-442.42023E-06
+36.80000E-06,-438.11898E-06
+36.82500E-06,-444.93254E-06
+36.85000E-06,-427.06903E-06
+36.87500E-06,-414.73447E-06
+36.90000E-06,-388.68707E-06
+36.92500E-06,-423.29793E-06
+36.95000E-06,-422.73352E-06
+36.97500E-06,-400.91936E-06
+37.00000E-06,-435.10618E-06
+37.02500E-06,-433.43486E-06
+37.05000E-06,-439.47171E-06
+37.07500E-06,-428.14891E-06
+37.10000E-06,-443.33227E-06
+37.12500E-06,-426.74273E-06
+37.15000E-06,-428.64529E-06
+37.17500E-06,-425.36161E-06
+37.20000E-06,-423.45566E-06
+37.22500E-06,-413.61536E-06
+37.25000E-06,-412.36994E-06
+37.27500E-06,-422.27443E-06
+37.30000E-06,-416.49039E-06
+37.32500E-06,-426.74696E-06
+37.35000E-06,-411.10294E-06
+37.37500E-06,-463.98562E-06
+37.40000E-06,-446.27656E-06
+37.42500E-06,-461.00613E-06
+37.45000E-06,-444.83722E-06
+37.47500E-06,-446.29190E-06
+37.50000E-06,-428.51385E-06
+37.52500E-06,-402.36478E-06
+37.55000E-06,-396.28435E-06
+37.57500E-06,-398.54106E-06
+37.60000E-06,-436.20610E-06
+37.62500E-06,-408.63907E-06
+37.65000E-06,-421.18303E-06
+37.67500E-06,-382.29741E-06
+37.70000E-06,-412.02270E-06
+37.72500E-06,-430.73976E-06
+37.75000E-06,-431.29275E-06
+37.77500E-06,-448.44075E-06
+37.80000E-06,-433.53844E-06
+37.82500E-06,-439.66405E-06
+37.85000E-06,-417.59447E-06
+37.87500E-06,-425.46139E-06
+37.90000E-06,-418.10739E-06
+37.92500E-06,-404.38582E-06
+37.95000E-06,-413.21162E-06
+37.97500E-06,-402.33448E-06
+38.00000E-06,-419.56927E-06
+38.02500E-06,-394.33978E-06
+38.05000E-06,-410.65987E-06
+38.07500E-06,-399.22892E-06
+38.10000E-06,-408.95650E-06
+38.12500E-06,-403.16292E-06
+38.15000E-06,-378.29030E-06
+38.17500E-06,-387.78229E-06
+38.20000E-06,-405.47799E-06
+38.22500E-06,-424.87244E-06
+38.25000E-06,-421.73870E-06
+38.27500E-06,-436.85090E-06
+38.30000E-06,-448.85869E-06
+38.32500E-06,-442.23469E-06
+38.35000E-06,-438.06458E-06
+38.37500E-06,-455.45951E-06
+38.40000E-06,-443.67703E-06
+38.42500E-06,-419.10394E-06
+38.45000E-06,-458.64333E-06
+38.47500E-06,-445.08529E-06
+38.50000E-06,-440.29437E-06
+38.52500E-06,-439.50181E-06
+38.55000E-06,-420.92340E-06
+38.57500E-06,-430.17435E-06
+38.60000E-06,-432.23583E-06
+38.62500E-06,-439.85469E-06
+38.65000E-06,-428.36794E-06
+38.67500E-06,-423.13752E-06
+38.70000E-06,-432.23383E-06
+38.72500E-06,-460.27659E-06
+38.75000E-06,-456.01445E-06
+38.77500E-06,-459.39028E-06
+38.80000E-06,-428.59285E-06
+38.82500E-06,-431.27912E-06
+38.85000E-06,-406.29969E-06
+38.87500E-06,-433.91363E-06
+38.90000E-06,-432.46515E-06
+38.92500E-06,-432.24921E-06
+38.95000E-06,-431.70007E-06
+38.97500E-06,-454.98338E-06
+39.00000E-06,-412.82358E-06
+39.02500E-06,-436.01996E-06
+39.05000E-06,-454.71054E-06
+39.07500E-06,-441.28294E-06
+39.10000E-06,-457.99368E-06
+39.12500E-06,-461.16694E-06
+39.15000E-06,-466.25500E-06
+39.17500E-06,-443.90219E-06
+39.20000E-06,-460.49718E-06
+39.22500E-06,-453.45442E-06
+39.25000E-06,-453.05730E-06
+39.27500E-06,-447.93147E-06
+39.30000E-06,-455.57868E-06
+39.32500E-06,-433.67692E-06
+39.35000E-06,-453.06636E-06
+39.37500E-06,-432.24214E-06
+39.40000E-06,-465.98901E-06
+39.42500E-06,-473.81372E-06
+39.45000E-06,-454.60582E-06
+39.47500E-06,-469.96331E-06
+39.50000E-06,-452.28979E-06
+39.52500E-06,-449.69846E-06
+39.55000E-06,-422.82142E-06
+39.57500E-06,-444.23215E-06
+39.60000E-06,-467.80108E-06
+39.62500E-06,-468.30533E-06
+39.65000E-06,-457.32638E-06
+39.67500E-06,-456.55525E-06
+39.70000E-06,-470.93279E-06
+39.72500E-06,-420.95525E-06
+39.75000E-06,-482.64243E-06
+39.77500E-06,-450.17036E-06
+39.80000E-06,-454.82713E-06
+39.82500E-06,-454.20203E-06
+39.85000E-06,-427.29891E-06
+39.87500E-06,-458.14714E-06
+39.90000E-06,-480.89314E-06
+39.92500E-06,-438.14855E-06
+39.95000E-06,-463.28223E-06
+39.97500E-06,-426.04318E-06
+40.00000E-06,-458.24172E-06
+40.02500E-06,-441.60491E-06
+40.05000E-06,-473.87018E-06
+40.07500E-06,-433.44631E-06
+40.10000E-06,-448.98279E-06
+40.12500E-06,-445.79404E-06
+40.15000E-06,-437.10978E-06
+40.17500E-06,-456.92030E-06
+40.20000E-06,-437.11335E-06
+40.22500E-06,-454.66978E-06
+40.25000E-06,-471.07845E-06
+40.27500E-06,-482.14538E-06
+40.30000E-06,-466.92244E-06
+40.32500E-06,-448.72656E-06
+40.35000E-06,-445.00398E-06
+40.37500E-06,-436.60912E-06
+40.40000E-06,-469.22244E-06
+40.42500E-06,-462.15661E-06
+40.45000E-06,-466.16968E-06
+40.47500E-06,-443.79174E-06
+40.50000E-06,-475.44012E-06
+40.52500E-06,-473.99746E-06
+40.55000E-06,-456.50558E-06
+40.57500E-06,-466.19515E-06
+40.60000E-06,-464.49458E-06
+40.62500E-06,-485.57625E-06
+40.65000E-06,-488.59655E-06
+40.67500E-06,-455.43743E-06
+40.70000E-06,-454.50104E-06
+40.72500E-06,-479.81835E-06
+40.75000E-06,-475.93236E-06
+40.77500E-06,-500.56425E-06
+40.80000E-06,-466.65055E-06
+40.82500E-06,-486.67530E-06
+40.85000E-06,-477.58000E-06
+40.87500E-06,-475.38433E-06
+40.90000E-06,-475.11283E-06
+40.92500E-06,-481.90325E-06
+40.95000E-06,-454.79150E-06
+40.97500E-06,-458.33216E-06
+41.00000E-06,-448.08901E-06
+41.02500E-06,-458.84130E-06
+41.05000E-06,-454.05430E-06
+41.07500E-06,-439.17399E-06
+41.10000E-06,-466.80661E-06
+41.12500E-06,-445.94813E-06
+41.15000E-06,-466.04889E-06
+41.17500E-06,-470.01636E-06
+41.20000E-06,-451.03957E-06
+41.22500E-06,-464.77306E-06
+41.25000E-06,-468.50285E-06
+41.27500E-06,-464.21952E-06
+41.30000E-06,-439.52394E-06
+41.32500E-06,-447.16155E-06
+41.35000E-06,-458.19262E-06
+41.37500E-06,-436.22885E-06
+41.40000E-06,-431.12847E-06
+41.42500E-06,-426.84422E-06
+41.45000E-06,-421.31324E-06
+41.47500E-06,-446.37543E-06
+41.50000E-06,-439.74473E-06
+41.52500E-06,-419.11719E-06
+41.55000E-06,-425.30717E-06
+41.57500E-06,-443.73418E-06
+41.60000E-06,-439.20890E-06
+41.62500E-06,-404.25031E-06
+41.65000E-06,-429.93510E-06
+41.67500E-06,-437.96526E-06
+41.70000E-06,-430.76921E-06
+41.72500E-06,-410.71710E-06
+41.75000E-06,-441.71968E-06
+41.77500E-06,-436.25260E-06
+41.80000E-06,-421.52222E-06
+41.82500E-06,-420.13875E-06
+41.85000E-06,-413.41099E-06
+41.87500E-06,-439.14674E-06
+41.90000E-06,-445.43433E-06
+41.92500E-06,-463.18075E-06
+41.95000E-06,-405.96753E-06
+41.97500E-06,-431.90767E-06
+42.00000E-06,-433.22818E-06
+42.02500E-06,-419.56823E-06
+42.05000E-06,-401.57867E-06
+42.07500E-06,-427.24775E-06
+42.10000E-06,-425.54860E-06
+42.12500E-06,-397.19765E-06
+42.15000E-06,-420.00919E-06
+42.17500E-06,-432.91742E-06
+42.20000E-06,-430.72730E-06
+42.22500E-06,-427.44070E-06
+42.25000E-06,-421.01427E-06
+42.27500E-06,-428.08035E-06
+42.30000E-06,-430.14933E-06
+42.32500E-06,-446.37109E-06
+42.35000E-06,-409.16435E-06
+42.37500E-06,-417.79065E-06
+42.40000E-06,-418.54453E-06
+42.42500E-06,-430.54908E-06
+42.45000E-06,-464.70654E-06
+42.47500E-06,-443.26820E-06
+42.50000E-06,-444.07989E-06
+42.52500E-06,-412.32138E-06
+42.55000E-06,-411.54797E-06
+42.57500E-06,-436.28292E-06
+42.60000E-06,-427.31451E-06
+42.62500E-06,-445.28960E-06
+42.65000E-06,-428.48257E-06
+42.67500E-06,-427.04931E-06
+42.70000E-06,-421.74253E-06
+42.72500E-06,-444.12046E-06
+42.75000E-06,-427.76085E-06
+42.77500E-06,-393.17528E-06
+42.80000E-06,-446.06187E-06
+42.82500E-06,-445.21362E-06
+42.85000E-06,-451.35268E-06
+42.87500E-06,-449.41632E-06
+42.90000E-06,-431.91725E-06
+42.92500E-06,-435.48267E-06
+42.95000E-06,-479.04348E-06
+42.97500E-06,-444.76486E-06
+43.00000E-06,-444.16955E-06
+43.02500E-06,-464.47937E-06
+43.05000E-06,-441.00494E-06
+43.07500E-06,-431.57859E-06
+43.10000E-06,-445.18892E-06
+43.12500E-06,-416.26477E-06
+43.15000E-06,-395.85240E-06
+43.17500E-06,-446.96280E-06
+43.20000E-06,-464.71322E-06
+43.22500E-06,-440.36421E-06
+43.25000E-06,-425.23118E-06
+43.27500E-06,-425.90984E-06
+43.30000E-06,-424.45775E-06
+43.32500E-06,-416.43904E-06
+43.35000E-06,-456.89944E-06
+43.37500E-06,-467.53731E-06
+43.40000E-06,-458.87394E-06
+43.42500E-06,-443.51694E-06
+43.45000E-06,-440.36421E-06
+43.47500E-06,-442.79884E-06
+43.50000E-06,-421.54965E-06
+43.52500E-06,-424.74348E-06
+43.55000E-06,-446.49807E-06
+43.57500E-06,-430.21943E-06
+43.60000E-06,-427.87792E-06
+43.62500E-06,-417.65987E-06
+43.65000E-06,-441.05455E-06
+43.67500E-06,-446.03718E-06
+43.70000E-06,-411.07764E-06
+43.72500E-06,-425.61893E-06
+43.75000E-06,-430.47817E-06
+43.77500E-06,-462.26592E-06
+43.80000E-06,-472.50832E-06
+43.82500E-06,-422.09271E-06
+43.85000E-06,-471.19725E-06
+43.87500E-06,-452.70384E-06
+43.90000E-06,-461.87859E-06
+43.92500E-06,-425.57089E-06
+43.95000E-06,-433.85577E-06
+43.97500E-06,-433.13640E-06
+44.00000E-06,-440.34173E-06
+44.02500E-06,-457.81151E-06
+44.05000E-06,-465.47414E-06
+44.07500E-06,-447.14324E-06
+44.10000E-06,-464.46713E-06
+44.12500E-06,-424.45084E-06
+44.15000E-06,-452.49381E-06
+44.17500E-06,-430.56645E-06
+44.20000E-06,-431.21424E-06
+44.22500E-06,-465.90943E-06
+44.25000E-06,-436.15937E-06
+44.27500E-06,-451.07954E-06
+44.30000E-06,-437.43274E-06
+44.32500E-06,-446.16472E-06
+44.35000E-06,-439.85033E-06
+44.37500E-06,-433.06370E-06
+44.40000E-06,-423.53164E-06
+44.42500E-06,-455.75653E-06
+44.45000E-06,-458.39557E-06
+44.47500E-06,-475.60882E-06
+44.50000E-06,-481.97061E-06
+44.52500E-06,-463.13834E-06
+44.55000E-06,-439.05930E-06
+44.57500E-06,-462.77639E-06
+44.60000E-06,-446.63025E-06
+44.62500E-06,-454.79286E-06
+44.65000E-06,-469.50205E-06
+44.67500E-06,-442.75983E-06
+44.70000E-06,-465.30424E-06
+44.72500E-06,-445.78218E-06
+44.75000E-06,-467.64007E-06
+44.77500E-06,-456.23391E-06
+44.80000E-06,-451.35241E-06
+44.82500E-06,-435.20849E-06
+44.85000E-06,-443.59076E-06
+44.87500E-06,-449.83897E-06
+44.90000E-06,-435.57167E-06
+44.92500E-06,-448.41962E-06
+44.95000E-06,-452.52631E-06
+44.97500E-06,-446.51967E-06
+45.00000E-06,-438.89543E-06
+45.02500E-06,-454.81192E-06
+45.05000E-06,-433.52067E-06
+45.07500E-06,-424.96298E-06
+45.10000E-06,-445.78851E-06
+45.12500E-06,-466.91051E-06
+45.15000E-06,-451.58023E-06
+45.17500E-06,-428.11879E-06
+45.20000E-06,-451.65576E-06
+45.22500E-06,-440.81995E-06
+45.25000E-06,-437.16510E-06
+45.27500E-06,-415.72703E-06
+45.30000E-06,-440.72166E-06
+45.32500E-06,-422.37438E-06
+45.35000E-06,-415.69164E-06
+45.37500E-06,-464.84702E-06
+45.40000E-06,-440.23651E-06
+45.42500E-06,-451.47082E-06
+45.45000E-06,-408.91795E-06
+45.47500E-06,-468.11571E-06
+45.50000E-06,-433.63522E-06
+45.52500E-06,-449.33228E-06
+45.55000E-06,-433.21818E-06
+45.57500E-06,-422.02685E-06
+45.60000E-06,-402.48039E-06
+45.62500E-06,-405.13150E-06
+45.65000E-06,-451.36755E-06
+45.67500E-06,-434.82663E-06
+45.70000E-06,-447.64826E-06
+45.72500E-06,-399.47994E-06
+45.75000E-06,-429.79094E-06
+45.77500E-06,-468.43189E-06
+45.80000E-06,-424.53377E-06
+45.82500E-06,-444.05924E-06
+45.85000E-06,-462.69505E-06
+45.87500E-06,-443.86200E-06
+45.90000E-06,-410.18035E-06
+45.92500E-06,-411.21133E-06
+45.95000E-06,-459.91682E-06
+45.97500E-06,-430.68233E-06
+46.00000E-06,-448.70949E-06
+46.02500E-06,-450.93610E-06
+46.05000E-06,-407.86697E-06
+46.07500E-06,-425.72146E-06
+46.10000E-06,-400.00864E-06
+46.12500E-06,-421.84361E-06
+46.15000E-06,-415.57210E-06
+46.17500E-06,-406.44347E-06
+46.20000E-06,-418.73151E-06
+46.22500E-06,-422.75055E-06
+46.25000E-06,-405.72728E-06
+46.27500E-06,-416.28963E-06
+46.30000E-06,-410.10048E-06
+46.32500E-06,-429.43003E-06
+46.35000E-06,-437.69764E-06
+46.37500E-06,-426.62056E-06
+46.40000E-06,-418.04099E-06
+46.42500E-06,-412.48976E-06
+46.45000E-06,-426.15894E-06
+46.47500E-06,-423.99595E-06
+46.50000E-06,-426.47908E-06
+46.52500E-06,-396.37360E-06
+46.55000E-06,-418.38787E-06
+46.57500E-06,-442.13484E-06
+46.60000E-06,-419.47409E-06
+46.62500E-06,-415.48689E-06
+46.65000E-06,-436.09181E-06
+46.67500E-06,-411.95933E-06
+46.70000E-06,-436.71842E-06
+46.72500E-06,-405.10464E-06
+46.75000E-06,-382.69149E-06
+46.77500E-06,-405.81725E-06
+46.80000E-06,-414.37945E-06
+46.82500E-06,-400.28675E-06
+46.85000E-06,-382.36481E-06
+46.87500E-06,-443.35226E-06
+46.90000E-06,-399.89452E-06
+46.92500E-06,-427.20847E-06
+46.95000E-06,-405.81363E-06
+46.97500E-06,-412.67789E-06
+47.00000E-06,-398.82151E-06
+47.02500E-06,-415.87266E-06
+47.05000E-06,-410.54721E-06
+47.07500E-06,-415.25211E-06
+47.10000E-06,-408.70607E-06
+47.12500E-06,-407.14553E-06
+47.15000E-06,-416.11143E-06
+47.17500E-06,-398.76225E-06
+47.20000E-06,-389.91420E-06
+47.22500E-06,-396.25365E-06
+47.25000E-06,-401.53559E-06
+47.27500E-06,-425.05362E-06
+47.30000E-06,-406.66445E-06
+47.32500E-06,-412.73165E-06
+47.35000E-06,-422.00237E-06
+47.37500E-06,-400.76238E-06
+47.40000E-06,-400.87727E-06
+47.42500E-06,-425.80353E-06
+47.45000E-06,-422.94378E-06
+47.47500E-06,-415.29167E-06
+47.50000E-06,-421.40040E-06
+47.52500E-06,-419.67376E-06
+47.55000E-06,-398.94389E-06
+47.57500E-06,-413.34719E-06
+47.60000E-06,-430.10752E-06
+47.62500E-06,-391.93234E-06
+47.65000E-06,-436.72154E-06
+47.67500E-06,-411.57318E-06
+47.70000E-06,-416.89959E-06
+47.72500E-06,-422.55502E-06
+47.75000E-06,-395.89927E-06
+47.77500E-06,-452.18642E-06
+47.80000E-06,-436.20393E-06
+47.82500E-06,-413.41514E-06
+47.85000E-06,-437.82839E-06
+47.87500E-06,-442.25979E-06
+47.90000E-06,-409.87234E-06
+47.92500E-06,-411.82883E-06
+47.95000E-06,-415.39854E-06
+47.97500E-06,-400.32330E-06
+48.00000E-06,-396.39903E-06
+48.02500E-06,-417.06867E-06
+48.05000E-06,-434.32064E-06
+48.07500E-06,-426.13334E-06
+48.10000E-06,-410.48653E-06
+48.12500E-06,-431.09186E-06
+48.15000E-06,-447.73657E-06
+48.17500E-06,-425.03417E-06
+48.20000E-06,-417.30678E-06
+48.22500E-06,-417.93031E-06
+48.25000E-06,-418.76199E-06
+48.27500E-06,-411.73756E-06
+48.30000E-06,-404.83346E-06
+48.32500E-06,-399.57829E-06
+48.35000E-06,-442.59570E-06
+48.37500E-06,-404.76892E-06
+48.40000E-06,-407.17754E-06
+48.42500E-06,-420.86735E-06
+48.45000E-06,-412.68712E-06
+48.47500E-06,-431.58511E-06
+48.50000E-06,-401.69381E-06
+48.52500E-06,-428.91945E-06
+48.55000E-06,-424.89520E-06
+48.57500E-06,-420.10972E-06
+48.60000E-06,-436.72249E-06
+48.62500E-06,-423.34694E-06
+48.65000E-06,-415.22433E-06
+48.67500E-06,-430.13976E-06
+48.70000E-06,-419.15155E-06
+48.72500E-06,-407.25433E-06
+48.75000E-06,-418.66267E-06
+48.77500E-06,-413.49244E-06
+48.80000E-06,-444.36596E-06
+48.82500E-06,-424.23470E-06
+48.85000E-06,-425.23644E-06
+48.87500E-06,-426.99218E-06
+48.90000E-06,-426.84144E-06
+48.92500E-06,-425.22656E-06
+48.95000E-06,-415.22251E-06
+48.97500E-06,-442.60317E-06
+49.00000E-06,-423.11398E-06
+49.02500E-06,-434.62527E-06
+49.05000E-06,-404.94811E-06
+49.07500E-06,-426.45490E-06
+49.10000E-06,-389.00445E-06
+49.12500E-06,-413.55817E-06
+49.15000E-06,-406.81721E-06
+49.17500E-06,-420.36235E-06
+49.20000E-06,-418.84669E-06
+49.22500E-06,-399.72019E-06
+49.25000E-06,-473.51219E-06
+49.27500E-06,-423.30176E-06
+49.30000E-06,-410.49130E-06
+49.32500E-06,-410.95846E-06
+49.35000E-06,-434.60028E-06
+49.37500E-06,-430.76613E-06
+49.40000E-06,-414.01945E-06
+49.42500E-06,-422.06391E-06
+49.45000E-06,-422.00421E-06
+49.47500E-06,-414.42934E-06
+49.50000E-06,-417.96096E-06
+49.52500E-06,-422.53319E-06
+49.55000E-06,-455.66232E-06
+49.57500E-06,-421.92260E-06
+49.60000E-06,-437.59518E-06
+49.62500E-06,-436.07317E-06
+49.65000E-06,-414.05776E-06
+49.67500E-06,-412.24096E-06
+49.70000E-06,-434.52233E-06
+49.72500E-06,-434.96174E-06
+49.75000E-06,-445.74863E-06
+49.77500E-06,-419.71488E-06
+49.80000E-06,-432.44544E-06
+49.82500E-06,-430.45044E-06
+49.85000E-06,-408.49542E-06
+49.87500E-06,-436.61108E-06
+49.90000E-06,-413.02736E-06
+49.92500E-06,-437.33546E-06
+49.95000E-06,-417.96570E-06
+49.97500E-06,-431.72138E-06
+50.00000E-06,-461.31323E-06
+50.02500E-06,-452.92841E-06
+50.05000E-06,-408.23937E-06
+50.07500E-06,-411.85011E-06
+50.10000E-06,-395.09757E-06
+50.12500E-06,-413.05079E-06
+50.15000E-06,-423.63830E-06
+50.17500E-06,-431.42819E-06
+50.20000E-06,-425.56362E-06
+50.22500E-06,-428.99291E-06
+50.25000E-06,-441.81192E-06
+50.27500E-06,-417.42520E-06
+50.30000E-06,-434.01020E-06
+50.32500E-06,-422.18134E-06
+50.35000E-06,-436.71295E-06
+50.37500E-06,-434.07658E-06
+50.40000E-06,-403.93619E-06
+50.42500E-06,-417.82735E-06
+50.45000E-06,-422.17407E-06
+50.47500E-06,-423.68980E-06
+50.50000E-06,-413.14147E-06
+50.52500E-06,-423.69580E-06
+50.55000E-06,-429.96878E-06
+50.57500E-06,-447.74828E-06
+50.60000E-06,-420.36432E-06
+50.62500E-06,-424.34744E-06
+50.65000E-06,-418.32735E-06
+50.67500E-06,-393.25671E-06
+50.70000E-06,-400.48984E-06
+50.72500E-06,-453.18110E-06
+50.75000E-06,-406.15850E-06
+50.77500E-06,-414.93468E-06
+50.80000E-06,-426.58269E-06
+50.82500E-06,-440.98229E-06
+50.85000E-06,-414.94891E-06
+50.87500E-06,-445.57564E-06
+50.90000E-06,-414.34684E-06
+50.92500E-06,-413.68085E-06
+50.95000E-06,-416.49687E-06
+50.97500E-06,-439.92474E-06
+51.00000E-06,-393.94146E-06
+51.02500E-06,-422.87279E-06
+51.05000E-06,-416.03504E-06
+51.07500E-06,-402.19179E-06
+51.10000E-06,-440.52977E-06
+51.12500E-06,-416.69023E-06
+51.15000E-06,-421.41548E-06
+51.17500E-06,-440.50787E-06
+51.20000E-06,-432.21145E-06
+51.22500E-06,-410.40189E-06
+51.25000E-06,-428.88632E-06
+51.27500E-06,-417.83564E-06
+51.30000E-06,-413.74250E-06
+51.32500E-06,-414.05694E-06
+51.35000E-06,-446.41765E-06
+51.37500E-06,-417.65123E-06
+51.40000E-06,-384.73909E-06
+51.42500E-06,-420.73566E-06
+51.45000E-06,-424.56233E-06
+51.47500E-06,-457.61409E-06
+51.50000E-06,-428.77454E-06
+51.52500E-06,-440.64386E-06
+51.55000E-06,-427.02023E-06
+51.57500E-06,-429.29264E-06
+51.60000E-06,-390.56963E-06
+51.62500E-06,-440.95506E-06
+51.65000E-06,-416.66485E-06
+51.67500E-06,-400.04081E-06
+51.70000E-06,-399.40585E-06
+51.72500E-06,-401.85747E-06
+51.75000E-06,-420.21549E-06
+51.77500E-06,-418.35616E-06
+51.80000E-06,-409.85906E-06
+51.82500E-06,-417.08664E-06
+51.85000E-06,-394.45362E-06
+51.87500E-06,-428.80948E-06
+51.90000E-06,-427.40177E-06
+51.92500E-06,-428.22366E-06
+51.95000E-06,-436.90327E-06
+51.97500E-06,-437.46809E-06
+52.00000E-06,-408.63993E-06
+52.02500E-06,-383.16455E-06
+52.05000E-06,-432.49176E-06
+52.07500E-06,-422.45215E-06
+52.10000E-06,-422.00314E-06
+52.12500E-06,-397.67064E-06
+52.15000E-06,-435.98178E-06
+52.17500E-06,-409.43292E-06
+52.20000E-06,-446.72188E-06
+52.22500E-06,-397.06369E-06
+52.25000E-06,-392.98369E-06
+52.27500E-06,-432.90085E-06
+52.30000E-06,-403.38549E-06
+52.32500E-06,-420.33483E-06
+52.35000E-06,-419.46390E-06
+52.37500E-06,-411.97042E-06
+52.40000E-06,-426.81652E-06
+52.42500E-06,-428.06004E-06
+52.45000E-06,-425.83193E-06
+52.47500E-06,-396.30290E-06
+52.50000E-06,-428.21143E-06
+52.52500E-06,-417.86349E-06
+52.55000E-06,-414.11813E-06
+52.57500E-06,-417.64232E-06
+52.60000E-06,-410.62414E-06
+52.62500E-06,-419.16818E-06
+52.65000E-06,-396.25905E-06
+52.67500E-06,-422.10679E-06
+52.70000E-06,-435.08739E-06
+52.72500E-06,-442.85403E-06
+52.75000E-06,-413.67423E-06
+52.77500E-06,-423.57205E-06
+52.80000E-06,-422.29908E-06
+52.82500E-06,-415.91966E-06
+52.85000E-06,-414.70587E-06
+52.87500E-06,-419.64085E-06
+52.90000E-06,-396.16987E-06
+52.92500E-06,-416.94855E-06
+52.95000E-06,-408.45170E-06
+52.97500E-06,-413.10413E-06
+53.00000E-06,-417.10268E-06
+53.02500E-06,-419.77978E-06
+53.05000E-06,-415.37892E-06
+53.07500E-06,-449.56065E-06
+53.10000E-06,-440.73003E-06
+53.12500E-06,-436.83836E-06
+53.15000E-06,-443.61896E-06
+53.17500E-06,-424.49143E-06
+53.20000E-06,-431.14096E-06
+53.22500E-06,-412.07961E-06
+53.25000E-06,-432.16676E-06
+53.27500E-06,-413.30088E-06
+53.30000E-06,-425.47521E-06
+53.32500E-06,-455.21111E-06
+53.35000E-06,-412.89770E-06
+53.37500E-06,-433.39180E-06
+53.40000E-06,-434.64295E-06
+53.42500E-06,-438.91721E-06
+53.45000E-06,-392.64069E-06
+53.47500E-06,-433.83760E-06
+53.50000E-06,-415.06956E-06
+53.52500E-06,-449.39376E-06
+53.55000E-06,-427.23195E-06
+53.57500E-06,-437.44851E-06
+53.60000E-06,-439.72019E-06
+53.62500E-06,-391.15108E-06
+53.65000E-06,-400.25172E-06
+53.67500E-06,-415.85427E-06
+53.70000E-06,-423.41036E-06
+53.72500E-06,-420.76536E-06
+53.75000E-06,-433.18031E-06
+53.77500E-06,-412.68378E-06
+53.80000E-06,-430.93431E-06
+53.82500E-06,-450.92287E-06
+53.85000E-06,-412.02932E-06
+53.87500E-06,-413.47880E-06
+53.90000E-06,-394.52259E-06
+53.92500E-06,-411.92006E-06
+53.95000E-06,-403.00287E-06
+53.97500E-06,-413.62622E-06
+54.00000E-06,-422.62156E-06
+54.02500E-06,-403.51813E-06
+54.05000E-06,-409.94283E-06
+54.07500E-06,-379.35499E-06
+54.10000E-06,-423.45252E-06
+54.12500E-06,-430.51897E-06
+54.15000E-06,-433.52823E-06
+54.17500E-06,-413.39634E-06
+54.20000E-06,-403.25386E-06
+54.22500E-06,-431.66070E-06
+54.25000E-06,-424.64912E-06
+54.27500E-06,-452.43220E-06
+54.30000E-06,-429.61252E-06
+54.32500E-06,-430.19631E-06
+54.35000E-06,-429.23167E-06
+54.37500E-06,-425.14566E-06
+54.40000E-06,-445.17044E-06
+54.42500E-06,-419.93076E-06
+54.45000E-06,-422.55061E-06
+54.47500E-06,-444.93075E-06
+54.50000E-06,-443.63068E-06
+54.52500E-06,-440.07385E-06
+54.55000E-06,-442.46313E-06
+54.57500E-06,-412.85214E-06
+54.60000E-06,-430.88357E-06
+54.62500E-06,-429.23468E-06
+54.65000E-06,-462.73996E-06
+54.67500E-06,-429.89531E-06
+54.70000E-06,-432.03263E-06
+54.72500E-06,-444.01213E-06
+54.75000E-06,-454.82185E-06
+54.77500E-06,-451.94514E-06
+54.80000E-06,-473.93572E-06
+54.82500E-06,-427.74745E-06
+54.85000E-06,-449.38203E-06
+54.87500E-06,-446.28804E-06
+54.90000E-06,-441.45557E-06
+54.92500E-06,-437.63484E-06
+54.95000E-06,-433.10942E-06
+54.97500E-06,-435.75304E-06
+55.00000E-06,-437.97749E-06
+55.02500E-06,-450.80731E-06
+55.05000E-06,-454.32323E-06
+55.07500E-06,-475.15541E-06
+55.10000E-06,-473.57563E-06
+55.12500E-06,-440.26431E-06
+55.15000E-06,-448.78093E-06
+55.17500E-06,-428.51053E-06
+55.20000E-06,-461.65377E-06
+55.22500E-06,-441.72424E-06
+55.25000E-06,-457.92756E-06
+55.27500E-06,-442.89900E-06
+55.30000E-06,-436.22473E-06
+55.32500E-06,-426.18091E-06
+55.35000E-06,-429.62644E-06
+55.37500E-06,-451.27918E-06
+55.40000E-06,-455.20599E-06
+55.42500E-06,-444.61846E-06
+55.45000E-06,-442.87326E-06
+55.47500E-06,-462.22852E-06
+55.50000E-06,-459.98214E-06
+55.52500E-06,-468.24381E-06
+55.55000E-06,-451.55922E-06
+55.57500E-06,-482.21885E-06
+55.60000E-06,-452.06214E-06
+55.62500E-06,-440.26274E-06
+55.65000E-06,-460.40404E-06
+55.67500E-06,-450.76652E-06
+55.70000E-06,-467.59680E-06
+55.72500E-06,-471.04120E-06
+55.75000E-06,-469.89940E-06
+55.77500E-06,-453.20280E-06
+55.80000E-06,-439.52366E-06
+55.82500E-06,-444.33962E-06
+55.85000E-06,-477.74922E-06
+55.87500E-06,-436.46576E-06
+55.90000E-06,-487.49717E-06
+55.92500E-06,-464.46893E-06
+55.95000E-06,-465.07283E-06
+55.97500E-06,-456.29245E-06
+56.00000E-06,-474.45625E-06
+56.02500E-06,-446.66239E-06
+56.05000E-06,-457.90841E-06
+56.07500E-06,-462.56629E-06
+56.10000E-06,-465.90766E-06
+56.12500E-06,-461.17659E-06
+56.15000E-06,-452.97118E-06
+56.17500E-06,-436.54058E-06
+56.20000E-06,-455.42687E-06
+56.22500E-06,-476.32736E-06
+56.25000E-06,-456.05364E-06
+56.27500E-06,-461.71687E-06
+56.30000E-06,-472.78729E-06
+56.32500E-06,-443.75652E-06
+56.35000E-06,-462.88720E-06
+56.37500E-06,-458.48759E-06
+56.40000E-06,-454.28457E-06
+56.42500E-06,-456.56459E-06
+56.45000E-06,-447.84819E-06
+56.47500E-06,-458.09551E-06
+56.50000E-06,-460.07471E-06
+56.52500E-06,-449.45920E-06
+56.55000E-06,-450.47746E-06
+56.57500E-06,-434.61859E-06
+56.60000E-06,-461.49811E-06
+56.62500E-06,-463.30982E-06
+56.65000E-06,-469.01042E-06
+56.67500E-06,-469.69601E-06
+56.70000E-06,-442.03382E-06
+56.72500E-06,-457.49522E-06
+56.75000E-06,-458.13158E-06
+56.77500E-06,-470.56476E-06
+56.80000E-06,-473.40594E-06
+56.82500E-06,-477.27526E-06
+56.85000E-06,-470.67916E-06
+56.87500E-06,-458.73629E-06
+56.90000E-06,-466.54039E-06
+56.92500E-06,-471.65411E-06
+56.95000E-06,-473.09214E-06
+56.97500E-06,-457.83039E-06
+57.00000E-06,-469.24766E-06
+57.02500E-06,-498.35155E-06
+57.05000E-06,-444.38323E-06
+57.07500E-06,-471.20180E-06
+57.10000E-06,-431.18645E-06
+57.12500E-06,-459.53549E-06
+57.15000E-06,-471.43346E-06
+57.17500E-06,-454.07301E-06
+57.20000E-06,-446.48499E-06
+57.22500E-06,-467.11416E-06
+57.25000E-06,-472.77487E-06
+57.27500E-06,-465.49219E-06
+57.30000E-06,-462.25695E-06
+57.32500E-06,-465.06845E-06
+57.35000E-06,-446.84977E-06
+57.37500E-06,-463.84017E-06
+57.40000E-06,-462.44377E-06
+57.42500E-06,-458.04314E-06
+57.45000E-06,-462.04107E-06
+57.47500E-06,-455.08853E-06
+57.50000E-06,-482.23028E-06
+57.52500E-06,-442.57738E-06
+57.55000E-06,-476.02680E-06
+57.57500E-06,-462.53748E-06
+57.60000E-06,-488.94770E-06
+57.62500E-06,-456.90387E-06
+57.65000E-06,-462.08053E-06
+57.67500E-06,-516.98023E-06
+57.70000E-06,-462.23388E-06
+57.72500E-06,-476.02575E-06
+57.75000E-06,-465.78202E-06
+57.77500E-06,-443.17268E-06
+57.80000E-06,-464.63699E-06
+57.82500E-06,-481.94906E-06
+57.85000E-06,-493.71120E-06
+57.87500E-06,-471.17370E-06
+57.90000E-06,-427.36350E-06
+57.92500E-06,-461.37413E-06
+57.95000E-06,-478.61014E-06
+57.97500E-06,-445.60458E-06
+58.00000E-06,-476.07949E-06
+58.02500E-06,-459.46369E-06
+58.05000E-06,-472.68494E-06
+58.07500E-06,-462.59617E-06
+58.10000E-06,-476.04515E-06
+58.12500E-06,-459.45786E-06
+58.15000E-06,-514.63623E-06
+58.17500E-06,-460.75573E-06
+58.20000E-06,-486.28345E-06
+58.22500E-06,-484.84855E-06
+58.25000E-06,-447.98669E-06
+58.27500E-06,-469.33772E-06
+58.30000E-06,-460.57982E-06
+58.32500E-06,-478.36968E-06
+58.35000E-06,-458.03763E-06
+58.37500E-06,-477.13508E-06
+58.40000E-06,-440.11550E-06
+58.42500E-06,-460.91790E-06
+58.45000E-06,-463.36382E-06
+58.47500E-06,-474.14778E-06
+58.50000E-06,-455.17905E-06
+58.52500E-06,-482.38965E-06
+58.55000E-06,-482.61703E-06
+58.57500E-06,-450.12543E-06
+58.60000E-06,-446.89819E-06
+58.62500E-06,-435.28451E-06
+58.65000E-06,-464.05436E-06
+58.67500E-06,-456.83393E-06
+58.70000E-06,-462.12575E-06
+58.72500E-06,-489.52690E-06
+58.75000E-06,-504.20711E-06
+58.77500E-06,-471.43345E-06
+58.80000E-06,-451.34019E-06
+58.82500E-06,-436.97980E-06
+58.85000E-06,-479.21717E-06
+58.87500E-06,-464.17658E-06
+58.90000E-06,-456.88435E-06
+58.92500E-06,-482.84451E-06
+58.95000E-06,-481.43228E-06
+58.97500E-06,-463.93734E-06
+59.00000E-06,-461.00285E-06
+59.02500E-06,-453.10308E-06
+59.05000E-06,-466.20314E-06
+59.07500E-06,-466.96908E-06
+59.10000E-06,-434.43516E-06
+59.12500E-06,-450.23815E-06
+59.15000E-06,-462.76414E-06
+59.17500E-06,-464.33986E-06
+59.20000E-06,-467.89378E-06
+59.22500E-06,-468.94142E-06
+59.25000E-06,-446.17690E-06
+59.27500E-06,-474.47702E-06
+59.30000E-06,-459.25422E-06
+59.32500E-06,-489.62168E-06
+59.35000E-06,-431.96388E-06
+59.37500E-06,-464.60481E-06
+59.40000E-06,-470.28201E-06
+59.42500E-06,-445.58506E-06
+59.45000E-06,-474.93741E-06
+59.47500E-06,-448.85395E-06
+59.50000E-06,-449.51073E-06
+59.52500E-06,-476.15087E-06
+59.55000E-06,-454.43970E-06
+59.57500E-06,-491.54127E-06
+59.60000E-06,-442.51318E-06
+59.62500E-06,-475.69029E-06
+59.65000E-06,-479.75750E-06
+59.67500E-06,-454.57944E-06
